<?xml version="1.0" encoding="UTF-8"?>
<con:soapui-project id="5a7efc58-8157-4cca-9177-e13517876c38" activeEnvironment="Default" name="REST Project 1" resourceRoot="${projectDir}" soapui-version="5.6.0" abortOnError="false" runType="SEQUENTIAL" xmlns:con="http://eviware.com/soapui/config"><con:settings/><con:interface xsi:type="con:RestService" id="ae527531-2943-433e-908d-d308b1474593" wadlVersion="http://wadl.dev.java.net/2009/02" name="http://localhost:8080" type="rest" xmlns:xsi="http://www.w3.org/2001/XMLSchema-instance"><con:settings/><con:definitionCache type="TEXT" rootPart=""/><con:endpoints><con:endpoint>http://localhost:8080</con:endpoint></con:endpoints><con:resource name="3" path="/CategoryRestService/FindAll" id="6160c53b-1632-45f8-9b02-4240d7cc1b6a"><con:settings/><con:parameters/><con:method name="3 1" id="10e4d02a-50c5-4a5f-82fc-08b9d5e076c0" method="GET"><con:settings/><con:parameters/><con:representation type="RESPONSE"><con:mediaType>application/json;charset=UTF-8</con:mediaType><con:status>200</con:status><con:params/><con:element xmlns:ns="http://localhost/CategoryRestService/FindById/3">ns:Response</con:element></con:representation><con:representation type="FAULT"><con:mediaType>application/json;charset=UTF-8</con:mediaType><con:status>404</con:status><con:params/><con:element xmlns:ns="http://localhost/CategoryRestService/FindById/3">ns:Fault</con:element></con:representation><con:request name="Request 1" id="c8ce0d89-aa9e-4a59-9172-e24fd60766f1" mediaType="application/json"><con:settings><con:setting id="com.eviware.soapui.impl.wsdl.WsdlRequest@request-headers">&lt;xml-fragment/></con:setting></con:settings><con:endpoint>http://localhost:8080</con:endpoint><con:request/><con:originalUri>http://localhost/CategoryRestService/FindById/3</con:originalUri><con:credentials><con:authType>No Authorization</con:authType></con:credentials><con:jmsConfig JMSDeliveryMode="PERSISTENT"/><con:jmsPropertyConfig/><con:parameters/><con:parameterOrder/></con:request></con:method></con:resource></con:interface><con:interface xsi:type="con:RestService" id="8adb619c-ae69-4189-89b3-7fa97737ecee" wadlVersion="http://wadl.dev.java.net/2009/02" name="http://localhost:8080" type="rest" xmlns:xsi="http://www.w3.org/2001/XMLSchema-instance"><con:settings/><con:definitionCache type="TEXT" rootPart=""/><con:endpoints><con:endpoint>http://localhost:8080</con:endpoint></con:endpoints><con:resource name="3" path="/CategoryRestService/FindById/{TEST_CATEGORY}" id="a798cc00-20bc-44b8-a79a-65f1148c0d97"><con:settings/><con:parameters><con:parameter><con:name>TEST_CATEGORY</con:name><con:value/><con:style>TEMPLATE</con:style><con:default/><con:description xsi:nil="true"/></con:parameter></con:parameters><con:method name="3 1" id="980a14b4-7455-45bd-b884-a742a8560951" method="GET"><con:settings/><con:parameters/><con:representation type="RESPONSE"><con:mediaType>application/json;charset=UTF-8</con:mediaType><con:status>200</con:status><con:params/><con:element xmlns:ns="http://localhost/CategoryRestService/FindById/3">ns:Response</con:element></con:representation><con:request name="Request 1" id="c11d15fb-4424-4322-9d9b-5e0659a865fe" mediaType="application/json"><con:settings><con:setting id="com.eviware.soapui.impl.wsdl.WsdlRequest@request-headers">&lt;xml-fragment/></con:setting></con:settings><con:endpoint>http://localhost:8080</con:endpoint><con:request/><con:originalUri>http://localhost/CategoryRestService/FindById/3</con:originalUri><con:credentials><con:authType>No Authorization</con:authType></con:credentials><con:jmsConfig JMSDeliveryMode="PERSISTENT"/><con:jmsPropertyConfig/><con:parameters><entry key="TEST_CATEGORY" value="2" xmlns="http://eviware.com/soapui/config"/></con:parameters><con:parameterOrder><con:entry>TEST_CATEGORY</con:entry></con:parameterOrder></con:request></con:method></con:resource></con:interface><con:interface xsi:type="con:RestService" id="7163c9b7-01db-45a9-b97b-3c3587018a23" wadlVersion="http://wadl.dev.java.net/2009/02" name="http://localhost:8080" type="rest" xmlns:xsi="http://www.w3.org/2001/XMLSchema-instance"><con:settings/><con:definitionCache/><con:endpoints><con:endpoint>http://localhost:8080</con:endpoint></con:endpoints><con:resource name="FindAll" path="/CategoryRestService/Add" id="31c563d6-c963-49c7-81db-255c39f707a0"><con:settings/><con:parameters><con:parameter><con:name>category</con:name><con:value/><con:style>QUERY</con:style><con:default/><con:description xsi:nil="true"/></con:parameter></con:parameters><con:method name="FindAll 1" id="889b1a8d-0947-4fdb-a0b9-afa8e9d08083" method="PUT"><con:settings/><con:parameters/><con:representation type="RESPONSE"><con:mediaType>application/json;charset=UTF-8</con:mediaType><con:status>200</con:status><con:params/><con:element>Response</con:element></con:representation><con:representation type="REQUEST"><con:mediaType>application/json</con:mediaType><con:params/></con:representation><con:representation type="FAULT"><con:mediaType>application/json;charset=UTF-8</con:mediaType><con:status>405 400 404 500</con:status><con:params/><con:element xmlns:fin="http://localhost/CategoryRestService/FindAll">fin:Fault</con:element></con:representation><con:request name="Request 1" id="b03e2bc5-4e11-4142-8b57-59fbb42b8429" mediaType="application/json" postQueryString="false"><con:settings><con:setting id="com.eviware.soapui.impl.wsdl.WsdlRequest@request-headers">&lt;xml-fragment/></con:setting></con:settings><con:endpoint>http://localhost:8080</con:endpoint><con:request>{
      "id": 5,
      "whenCreated": "2021-06-24",
      "whenLastUpdated": "2021-06-24",
      "name": "TEST_CATEGORY5",
      "description": "TEST_DESCRIPTION5"
}</con:request><con:originalUri>http://localhost/CategoryRestService/FindAll</con:originalUri><con:credentials><con:authType>No Authorization</con:authType></con:credentials><con:jmsConfig JMSDeliveryMode="PERSISTENT"/><con:jmsPropertyConfig/><con:parameters><entry key="category" value="5" xmlns="http://eviware.com/soapui/config"/></con:parameters><con:parameterOrder><con:entry>category</con:entry></con:parameterOrder></con:request></con:method></con:resource></con:interface><con:testSuite id="e6ad345c-4a11-4430-8fb1-a7a8f16d8c93" name="TestSuite 1"><con:settings/><con:runType>SEQUENTIAL</con:runType><con:testCase id="87510d44-e375-42a2-8172-459cb179a991" failOnError="true" failTestCaseOnErrors="true" keepSession="false" maxResults="0" name="TestCase 1" searchProperties="true"><con:settings/><con:testStep type="restrequest" name="GET-FindAll" id="7f763ec8-68a2-4f7f-8c80-dd5e99221488"><con:settings/><con:config service="http://localhost:8080" resourcePath="/CategoryRestService/FindAll" methodName="3 1" xsi:type="con:RestRequestStep" xmlns:xsi="http://www.w3.org/2001/XMLSchema-instance"><con:restRequest name="GET-FindAll" id="c8ce0d89-aa9e-4a59-9172-e24fd60766f1" mediaType="application/json"><con:settings><con:setting id="com.eviware.soapui.impl.wsdl.WsdlRequest@request-headers">&lt;xml-fragment/></con:setting></con:settings><con:endpoint>http://localhost:8080</con:endpoint><con:request/><con:originalUri>http://localhost/CategoryRestService/FindById/3</con:originalUri><con:assertion type="Simple Contains" id="444d1cee-153f-408e-8521-f3b4b61481f9" name="Contains"><con:configuration><token>1</token><ignoreCase>false</ignoreCase><useRegEx>false</useRegEx></con:configuration></con:assertion><con:credentials><con:authType>No Authorization</con:authType></con:credentials><con:jmsConfig JMSDeliveryMode="PERSISTENT"/><con:jmsPropertyConfig/><con:parameters/><con:parameterOrder/></con:restRequest></con:config></con:testStep><con:testStep type="restrequest" name="GET-FindById" id="a705dfe7-1f01-4ba8-8cbe-b24df4737ad1"><con:settings/><con:config service="http://localhost:8080" resourcePath="/CategoryRestService/FindById/{TEST_CATEGORY}" methodName="3 1" xsi:type="con:RestRequestStep" xmlns:xsi="http://www.w3.org/2001/XMLSchema-instance"><con:restRequest name="GET-FindById" id="c11d15fb-4424-4322-9d9b-5e0659a865fe" mediaType="application/json"><con:settings><con:setting id="com.eviware.soapui.impl.wsdl.WsdlRequest@request-headers">&lt;xml-fragment/></con:setting></con:settings><con:endpoint>http://localhost:8080</con:endpoint><con:request/><con:originalUri>http://localhost/CategoryRestService/FindById/3</con:originalUri><con:assertion type="Simple Contains" id="6857a436-e2f4-4fcc-89e6-2152ec2cdd98" name="Contains"><con:configuration><token>2</token><ignoreCase>false</ignoreCase><useRegEx>false</useRegEx></con:configuration></con:assertion><con:credentials><con:authType>No Authorization</con:authType></con:credentials><con:jmsConfig JMSDeliveryMode="PERSISTENT"/><con:jmsPropertyConfig/><con:parameters><entry key="TEST_CATEGORY" value="2" xmlns="http://eviware.com/soapui/config"/></con:parameters><con:parameterOrder><con:entry>TEST_CATEGORY</con:entry></con:parameterOrder></con:restRequest></con:config></con:testStep><con:properties/></con:testCase><con:properties/></con:testSuite><con:properties/><con:wssContainer/><con:oAuth2ProfileContainer/><con:oAuth1ProfileContainer/><con:sensitiveInformation/></con:soapui-project>